publisher,source,source_url,rank,headline,link,collected_at_iso
Aaj Tak,Aaj Tak • India News,https://www.aajtak.in/india/news,1,इनकम टैक्स कैलकुलेटर,https://www.aajtak.in/business/tools-and-calculators/income-tax-calculator,2026-04-15T07:23:44+00:00
Aaj Tak,Aaj Tak • India News,https://www.aajtak.in/india/news,2,AI की पाठशाला,https://www.aajtak.in/topic/ai-ki-pathshala,2026-04-15T07:23:44+00:00
Aaj Tak,Aaj Tak • India News,https://www.aajtak.in/india/news,3,इतिहास में आज,https://www.aajtak.in/topic/today-in-history,2026-04-15T07:23:44+00:00
Aaj Tak,Aaj Tak • India News,https://www.aajtak.in/india/news,4,जॉब्स एंड करियर,https://www.aajtak.in/education/career,2026-04-15T07:23:44+00:00
Aaj Tak,Aaj Tak • India News,https://www.aajtak.in/india/news,5,"पंजाब सरकार ने छीनी राघव चड्ढा की Z+ सिक्योरिटी, अब दिल्ली सरकार देगी सुरक्षा",https://www.aajtak.in/india/news/story/punjab-police-withdrawn-raghav-chaddha-z-plus-category-security-central-security-cover-delhi-ntcpvp-rpti-2524188-2026-04-15,2026-04-15T07:23:44+00:00
Aaj Tak,Aaj Tak • India News,https://www.aajtak.in/india/news,6,वो सीक्रेट ऑपरेशन जिससे खुली TCS में 'धर्म परिवर्तन रैकेट' की पोल,https://www.aajtak.in/crime/big-crime/story/tcs-nashik-bpo-religious-conversion-harassment-malaysia-connection-pvzs-rpti-2524181-2026-04-15,2026-04-15T07:23:44+00:00
Aaj Tak,Aaj Tak • India News,https://www.aajtak.in/india/news,7,"बिहार लोकभवन में गाया गया पूरा 'वंदे मातरम्', राष्ट्रगीत से हुई शपथ ग्रहण की शुरुआत",https://www.aajtak.in/india/news/story/bihar-oath-ceremony-first-full-vande-mataram-sung-ntcpvp-dskc-2524158-2026-04-15,2026-04-15T07:23:44+00:00
Aaj Tak,Aaj Tak • India News,https://www.aajtak.in/india/news,8,पढ़ें 15 अप्रैल 2026 की सुबह की बड़ी खबरें और अन्य समाचार,https://www.aajtak.in/india/news/story/aaj-ki-taza-khabar-15-april-2026-morning-top-news-headlines-ntc-dskc-2524060-2026-04-15,2026-04-15T07:23:44+00:00
Aaj Tak,Aaj Tak • India News,https://www.aajtak.in/india/news,9,"180 लड़कियां, 350 वीडियो... क्या है अमरावती कांड में मोबाइल से डाउनलोड Video का सच",https://www.aajtak.in/india/news/story/350-video-intimate-moment-with-180-girl-what-is-truth-amravati-incident-video-download-mobile-phone-lclg-strc-2524044-2026-04-15,2026-04-15T07:23:44+00:00
Aaj Tak,Aaj Tak • India News,https://www.aajtak.in/india/news,10,"180 लड़कियों को प्रेम जाल में फंसाने वाले अयान तनवीर पर तगड़ा एक्शन, घर पर चला बुलडोजर",https://www.aajtak.in/india/news/story/amravati-180-girls-350-videos-download-case-ayan-tanveer-bulldozer-action-lclg-strc-2524245-2026-04-15,2026-04-15T07:23:44+00:00
Aaj Tak,Aaj Tak • India News,https://www.aajtak.in/india/news,11,"बागपत: पत्नी से अवैध संबंध के शक में जिगरी दोस्त की हत्या, स्कूटी पर लादकर कुएं में फेंकी लाश",https://www.aajtak.in/uttar-pradesh/story/baghpat-close-friend-murdered-on-suspicion-of-illicit-affair-with-wife-lclam-strc-2524233-2026-04-15,2026-04-15T07:23:44+00:00
Aaj Tak,Aaj Tak • India News,https://www.aajtak.in/india/news,12,जस्टिस स्वर्णकांता पर केजरीवाल का नया आरोप- उनके बच्चे सॉलिसिटर जनरल के लिए करते हैं काम,https://www.aajtak.in/india/news/story/delhi-liquor-policy-kejriwal-filed-affidavit-high-court-justice-swarnkanta-tushar-mehta-ntc-ntyv-rpti-2524232-2026-04-15,2026-04-15T07:23:44+00:00
Aaj Tak,Aaj Tak • India News,https://www.aajtak.in/india/news,13,"ईरान को हथियारों से मदद? ट्रंप के आरोप पर तिलमिला उठा चीन, दे डाली धमकी",https://www.aajtak.in/world/story/china-providing-military-support-to-iran-trump-allegation-ntc-rmxk-dskc-2524235-2026-04-15,2026-04-15T07:23:44+00:00
Aaj Tak,Aaj Tak • India News,https://www.aajtak.in/india/news,14,Sahitya Aaj Tak,https://www.aajtak.in/sahitya-aajtak/2024,2026-04-15T07:23:44+00:00
Aaj Tak,Aaj Tak • India News,https://www.aajtak.in/india/news,15,IPL Points Table,https://www.aajtak.in/sports/cricket/ipl/points-table,2026-04-15T07:23:44+00:00
Aaj Tak,Aaj Tak • India News,https://www.aajtak.in/india/news,16,IPL Schedule 2026,https://www.aajtak.in/sports/cricket/ipl/schedule,2026-04-15T07:23:44+00:00
Aaj Tak,Aaj Tak • India News,https://www.aajtak.in/india/news,17,IPL Orange Cap,https://www.aajtak.in/sports/cricket/ipl/orange-cap,2026-04-15T07:23:44+00:00
Aaj Tak,Aaj Tak • India News,https://www.aajtak.in/india/news,18,IPL Purple Cap,https://www.aajtak.in/sports/cricket/ipl/purple-cap,2026-04-15T07:23:44+00:00
Aaj Tak,Aaj Tak • India News,https://www.aajtak.in/india/news,19,IPL Most Sixes,https://www.aajtak.in/sports/cricket/ipl/player-stats/most-sixes,2026-04-15T07:23:44+00:00
Aaj Tak,Aaj Tak • India News,https://www.aajtak.in/india/news,20,IPL Most Fours,https://www.aajtak.in/sports/cricket/ipl/player-stats/most-fours,2026-04-15T07:23:44+00:00
Aaj Tak,Aaj Tak • India News,https://www.aajtak.in/india/news,21,IPL Most Fifties,https://www.aajtak.in/sports/cricket/ipl/player-stats/most-fifties,2026-04-15T07:23:44+00:00
Aaj Tak,Aaj Tak • India News,https://www.aajtak.in/india/news,22,IPL Most Hundreds,https://www.aajtak.in/sports/cricket/ipl/player-stats/most-hundreds,2026-04-15T07:23:44+00:00
Aaj Tak,Aaj Tak • India News,https://www.aajtak.in/india/news,23,Delhi Silver Rate,https://www.aajtak.in/commodity/silver-rate-in-delhi-today,2026-04-15T07:23:44+00:00
Aaj Tak,Aaj Tak • India News,https://www.aajtak.in/india/news,24,Himachal Pradesh News,https://www.aajtak.in/india/himachal-pradesh,2026-04-15T07:23:44+00:00
Aaj Tak,Aaj Tak • India News,https://www.aajtak.in/india/news,25,Mumbai Silver Rate,https://www.aajtak.in/commodity/silver-rate-in-mumbai-today,2026-04-15T07:23:44+00:00
Aaj Tak,Aaj Tak • India News,https://www.aajtak.in/india/news,26,Aaj ka Rashifal,https://www.aajtak.in/religion/rashiphal,2026-04-15T07:23:44+00:00
Aaj Tak,Aaj Tak • India News,https://www.aajtak.in/india/news,27,Uttar Pradesh News,https://www.aajtak.in/uttar-pradesh,2026-04-15T07:23:44+00:00
Aaj Tak,Aaj Tak • India News,https://www.aajtak.in/india/news,28,Samrat Choudhary Oath Ceremony,https://www.aajtak.in/bihar/story/samrat-choudhary-oath-ceremony-live-updates-bihar-new-cm-swearing-in-patna-lok-bhavan-ntc-ntyv-2524010-2026-04-15,2026-04-15T07:23:44+00:00
Aaj Tak,Aaj Tak • India News,https://www.aajtak.in/india/news,29,MP Board Result,https://www.aajtak.in/education/results/story/mp-board-12th-result-2026-live-updates-marksheet-download-digilocker-ngix-2524020-2026-04-15,2026-04-15T07:23:44+00:00
Aaj Tak,Aaj Tak • India News,https://www.aajtak.in/india/news,30,US Israel Iran War Live,https://www.aajtak.in/world/story/us-iran-israel-war-live-updates-ceasefire-talks-hormuz-strait-blockade-trump-middle-east-tension-lebanon-conflict-mdsb-ntc-2523975-2026-04-15,2026-04-15T07:23:44+00:00
Aaj Tak,Aaj Tak • India News,https://www.aajtak.in/india/news,31,Varuthini Ekadashi Vrat Katha,https://www.aajtak.in/religion/vrat-katha/varuthini-ekadashi-vrat-katha-2522573,2026-04-15T07:23:44+00:00
Aaj Tak,Aaj Tak • India News,https://www.aajtak.in/india/news,32,Kalaratri Mata Ki Aarti,https://www.aajtak.in/religion/aarti/kalaratri-mata-ki-aarti-2502311,2026-04-15T07:23:44+00:00
Aaj Tak,Aaj Tak • India News,https://www.aajtak.in/india/news,33,Maa Chandraghanta Aarti,https://www.aajtak.in/religion/vrat-katha/chandraghanta-mata-aarti-2501340,2026-04-15T07:23:44+00:00
Aaj Tak,Aaj Tak • India News,https://www.aajtak.in/india/news,34,Maa Chandraghanta Aarti,https://www.aajtak.in/religion/aarti/chandraghanta-mata-aarti-2501361,2026-04-15T07:23:44+00:00
Aaj Tak,Aaj Tak • India News,https://www.aajtak.in/india/news,35,Shailaputri Vrat Katha,https://www.aajtak.in/religion/vrat-katha/shailaputri-vrat-katha-2501227,2026-04-15T07:23:44+00:00
Aaj Tak,Aaj Tak • India News,https://www.aajtak.in/india/news,36,Maa Brahmacharini Vrat Katha,https://www.aajtak.in/religion/vrat-katha/brahmacharini-vrat-katha-2501263,2026-04-15T07:23:44+00:00
Aaj Tak,Aaj Tak • India News,https://www.aajtak.in/india/news,37,Maa Brahmacharini Aarti,https://www.aajtak.in/religion/aarti/brahmacharini-ji-ki-aarti-2501272,2026-04-15T07:23:44+00:00
Aaj Tak,Aaj Tak • India News,https://www.aajtak.in/india/news,38,Shailputri Mata Aarti,https://www.aajtak.in/religion/aarti/shailputri-mata-aarti-2501351,2026-04-15T07:23:44+00:00
Aaj Tak,Aaj Tak • India News,https://www.aajtak.in/india/news,39,8th Pay Commission,https://www.aajtak.in/topic/8th-pay-comission,2026-04-15T07:23:44+00:00
Aaj Tak,Aaj Tak • India News,https://www.aajtak.in/india/news,40,Mumbai Gold Rate,https://www.aajtak.in/commodity/gold-rate-in-mumbai-today,2026-04-15T07:23:44+00:00
Aaj Tak,Aaj Tak • India News,https://www.aajtak.in/india/news,41,Live Cricket Score,https://www.aajtak.in/live-score,2026-04-15T07:23:44+00:00
Aaj Tak,Aaj Tak • India News,https://www.aajtak.in/india/news,42,Delhi Gold Rate,https://www.aajtak.in/commodity/gold-rate-in-delhi-today,2026-04-15T07:23:44+00:00
Aaj Tak,Aaj Tak • India News,https://www.aajtak.in/india/news,43,FIFA World Cup,https://www.aajtak.in/sports/football/fifa-world-cup,2026-04-15T07:23:44+00:00
Aaj Tak,Aaj Tak • India News,https://www.aajtak.in/india/news,44,Aajtak rssfeed home,https://www.aajtak.in/rssfeeds/,2026-04-15T07:23:44+00:00
Live Hindustan,Live Hindustan • National,https://www.livehindustan.com/national/news,1,MP बोर्ड रिजल्ट,https://www.livehindustan.com/career/results/madhya-pradesh-board-result,2026-04-15T07:23:44+00:00
Live Hindustan,Live Hindustan • National,https://www.livehindustan.com/national/news,2,MP Board Result 2026 out Live,https://www.livehindustan.com/career/mp-board-result-2026-live-updates-mpbse-class-10th-12th-results-out-today-mponline-gov-in-link-mpresults-digilocker-live-blog-201776208721181.html,2026-04-15T07:23:44+00:00
Live Hindustan,Live Hindustan • National,https://www.livehindustan.com/national/news,3,"मैं कभी उनका मुकाबला नहीं कर सकता, रिकॉर्ड क्या तोड़ेंगे; CJI सूर्यकांत ने की किस जज की तारीफ",https://www.livehindustan.com/national/cji-surya-kant-praises-justice-rajesh-bindal-retirement-wednesday-15-april-201776237595929.html,2026-04-15T07:23:44+00:00
Live Hindustan,Live Hindustan • National,https://www.livehindustan.com/national/news,4,"राघव चड्ढा के खिलाफ AAP का एक और ऐक्शन, अब पंजाब सरकार ने छीन ली Z+ सुरक्षा",https://www.livehindustan.com/national/another-action-by-aap-against-raghav-chadha-punjab-government-now-strips-him-of-z-security-201776237393926.html,2026-04-15T07:23:44+00:00
Live Hindustan,Live Hindustan • National,https://www.livehindustan.com/national/news,5,"पवन खेड़ा को सुप्रीम कोर्ट से बड़ा झटका, तेलंगाना हाई कोर्ट से मिली जमानत पर लगाई रोक",https://www.livehindustan.com/national/supreme-court-stays-congress-pawan-khera-transit-bail-assam-police-fir-201776234624372.html,2026-04-15T07:23:44+00:00
Live Hindustan,Live Hindustan • National,https://www.livehindustan.com/national/news,6,"ये हैं CBSE Result चेक करने के 5 सबसे आसान तरीके, बिना वेबसाइट खुले भी मिनटों में दिखेंगे 10वीं-12वीं के मार्क्स",https://www.livehindustan.com/gadgets/cbse-result-2026-here-are-5-easiest-ways-check-your-marks-instantly-see-your-10th-and-12th-marks-in-minutes-201776225367892.html,2026-04-15T07:23:44+00:00
Live Hindustan,Live Hindustan • National,https://www.livehindustan.com/national/news,7,"कांग्रेस की ना-नुकुर के बीच प्रतिभा पाटिल का महिला आरक्षण को समर्थन, पीएम को लिखा पत्र",https://www.livehindustan.com/national/pratibha-patil-supports-womens-reservation-bill-writes-letter-to-pm-modi-amid-congress-stance-201776228105569.html,2026-04-15T07:23:44+00:00
Live Hindustan,Live Hindustan • National,https://www.livehindustan.com/national/news,8,"महिला आरक्षण के लिए आर्टिकल 81 में बदलाव क्यों जरूरी, 850 सांसदों में से कहां होंगे कितने",https://www.livehindustan.com/national/women-reservation-bill-850-lok-sabha-seats-how-article-81-important-201776227759785.html,2026-04-15T07:23:44+00:00
Live Hindustan,Live Hindustan • National,https://www.livehindustan.com/national/news,9,"अरुणाचल प्रदेश अवैध, वो जगह हमारी है; भारत का नाम लेकर चीन ने किया दावा",https://www.livehindustan.com/national/china-has-made-a-statement-that-can-escalates-the-dispute-over-arunachal-pradesh-201776227160152.html,2026-04-15T07:23:44+00:00
Live Hindustan,Live Hindustan • National,https://www.livehindustan.com/national/news,10,"पंजाब में बड़ा हादसा, बस पलटने से 6 श्रद्धालुओं की दर्दनाक मौत; 21 घायल",https://www.livehindustan.com/national/major-tragedy-in-punjab-6-devotees-die-in-horrific-bus-crash-201776225524841.html,2026-04-15T07:23:44+00:00
Live Hindustan,Live Hindustan • National,https://www.livehindustan.com/national/news,11,"अब 15 साल पुरानी कार नहीं होगी बेकार, इंजन बदलने की मिलेगी इजाजत; सरकार खर्चा भी देगी",https://www.livehindustan.com/national/15yearold-cars-wont-go-to-waste-permission-granted-to-replace-engines-government-to-cover-the-cost-201776222577527.html,2026-04-15T07:23:44+00:00
Live Hindustan,Live Hindustan • National,https://www.livehindustan.com/national/news,12,"सम्राट चौधरी ने ली बिहार के मुख्यमंत्री पद की शपथ, बिजेंद्र यादव और विजय बने डिप्टी सीएम",https://www.livehindustan.com/bihar/bihar-chief-minister-samrat-choudhary-deputy-cm-bijendra-yadav-and-vijay-choudhary-201776231623439.html,2026-04-15T07:23:44+00:00
Live Hindustan,Live Hindustan • National,https://www.livehindustan.com/national/news,13,"सम्राट ने 12 साल पहले जीता शकुनी के साथी नीतीश का भरोसा, लालू की RJD तोड़कर CM के साथ उड़े",https://www.livehindustan.com/bihar/cm-samrat-choudhary-profile-who-won-nitish-jdu-faith-by-breaking-rjd-in-2014-had-boarded-cm-helicopter-201776227712015.html,2026-04-15T07:23:44+00:00
Live Hindustan,Live Hindustan • National,https://www.livehindustan.com/national/news,14,"जज से जिरह करते केजरीवाल का वीडियो डिलीट कराया जाए, दिल्ली पुलिस को HC का आदेश",https://www.livehindustan.com/ncr/hc-asks-delhi-police-to-remove-videos-of-ex-cm-arvind-kejriwal-arguing-in-justice-swarana-kanta-sharma-court-201776233939843.html,2026-04-15T07:23:44+00:00
Live Hindustan,Live Hindustan • National,https://www.livehindustan.com/national/news,15,"AAP सांसद अशोक मित्तल पर ED का छापा, राघव चड्ढा की जगह बने हैं राज्यसभा के उपनेता",https://www.livehindustan.com/punjab/aap-rajya-sabha-mp-ashok-mittal-raided-by-ed-bhagwant-mann-and-kejriwal-tweet-201776228425034.html,2026-04-15T07:23:44+00:00
Live Hindustan,Live Hindustan • National,https://www.livehindustan.com/national/news,16,"HDFC Bank के शेयरों में 2% की तेजी, mutual funds ने खरीदे 17250 करोड़ रुपये के शेयर",https://www.livehindustan.com/business/hdfc-bank-share-price-jumps-more-than-2-percent-mutual-funds-buys-17250-crore-rupee-share-in-march-201776232099057.html,2026-04-15T07:23:44+00:00
Live Hindustan,Live Hindustan • National,https://www.livehindustan.com/national/news,17,"MP में खाकी शर्मसार: नशे में पुलिस जवान मरीज के बेड में सोए, डस्टबिन में पेशाब",https://www.livehindustan.com/madhya-pradesh/drunk-policemen-sleep-on-patient-bed-in-mp-urinating-in-dustbin-suspended-after-video-viral-201776233138612.html,2026-04-15T07:23:44+00:00
Live Hindustan,Live Hindustan • National,https://www.livehindustan.com/national/news,18,"पड़ोसी के बिल्ले ने बिल्ली को किया प्रेग्नेंट, हुए 4 बच्चे; अब पास रखने पर लड़ाई",https://www.livehindustan.com/viral-news/dispute-between-two-neighboring-families-over-custody-four-kittens-escalated-police-intervene-201776167730780.html,2026-04-15T07:23:44+00:00
Live Hindustan,Live Hindustan • National,https://www.livehindustan.com/national/news,19,"कॉर्पोरेट की नौकरी छोड़ बन गया डिलीवरी एजेंट, सैलरी को लेकर इंटरनेट पर छिड़ी बहस",https://www.livehindustan.com/viral-news/man-quit-his-company-job-to-become-a-delivery-agent-sparking-a-debate-on-his-salary-online-201776158163571.html,2026-04-15T07:23:44+00:00
Live Hindustan,Live Hindustan • National,https://www.livehindustan.com/national/news,20,"दो बार नौकरी से निकाला गया शख्स, फिर किया कुछ ऐसा कि अब कमा रहा 1.3 करोड़ महीना",https://www.livehindustan.com/viral-news/2-time-laid-off-product-manager-zeeshan-bakhrani-starts-restaurant-nishaan-earns-1-3-crore-month-201776132487936.html,2026-04-15T07:23:44+00:00
Live Hindustan,Live Hindustan • National,https://www.livehindustan.com/national/news,21,"मालदीव ने चीन को सौंपा प्रोजेक्ट, अब भारत से मांगी कर्ज चुकाने की मोहलत; बुरे फंसे मुइज्जू",https://www.livehindustan.com/national/maldives-gives-thilafushi-port-to-china-asks-india-for-debt-extension-muizzu-201776219603977.html,2026-04-15T07:23:44+00:00
Live Hindustan,Live Hindustan • National,https://www.livehindustan.com/national/news,22,"TCS कांड के आरोपियों के बैंक खातों की जांच शुरू, SIT को अवैध फंडिंग की आशंका",https://www.livehindustan.com/national/investigation-into-bank-accounts-of-tcs-nashik-case-accused-begins-201776216357544.html,2026-04-15T07:23:44+00:00
Live Hindustan,Live Hindustan • National,https://www.livehindustan.com/national/news,23,"झुलसाने वाली हवा की शक्ल अख्तियार करेगी पछुआ, तेजी से चढ़ेगा पारा",https://www.livehindustan.com/uttar-pradesh/moradabad/story-rising-temperatures-in-moradabad-heat-wave-expected-to-reach-38-c-201776237429715.html,2026-04-15T07:23:44+00:00
Live Hindustan,Live Hindustan • National,https://www.livehindustan.com/national/news,24,"Samrat Govt Oath LIVE: सम्राट चौधरी का DNA कांग्रेसी है.., बिहार के नए सीएम पर तारिक अनवर का तंज",https://www.livehindustan.com/bihar/bjp-cm-samrat-choudhary-led-nda-govt-swearing-in-jdu-dy-cm-bijendra-yadav-vijay-choudhary-oath-latest-updates-live-blog-201776216562463.html,2026-04-15T07:23:44+00:00
Live Hindustan,Live Hindustan • National,https://www.livehindustan.com/national/news,25,"करनैलगंज में धू-धूकर जली बाइक, चपेट में आई किराना दुकान में लाखों का नुकसान",https://www.livehindustan.com/uttar-pradesh/gonda/story-fire-erupts-from-motorcycle-in-karnailganj-damages-grocery-store-201776237411787.html,2026-04-15T07:23:44+00:00
Live Hindustan,Live Hindustan • National,https://www.livehindustan.com/national/news,26,फ्रिज में शॉर्ट सर्किट से हलवाई के मकान में भीषण आग,https://www.livehindustan.com/uttar-pradesh/moradabad/story-massive-fire-due-to-short-circuit-in-kothiwal-nagar-house-thousands-in-loss-201776237356030.html,2026-04-15T07:23:44+00:00
Live Hindustan,Live Hindustan • National,https://www.livehindustan.com/national/news,27,बुलंदशहर : भाजपा महिला मोर्चा ने निकाली धन्यवाद स्कूटी रैली,https://www.livehindustan.com/uttar-pradesh/bulandsehar/story-women-empowerment-rally-in-bulandshahr-nari-shakti-vandan-act-launch-201776237351761.html,2026-04-15T07:23:44+00:00
Live Hindustan,Live Hindustan • National,https://www.livehindustan.com/national/news,28,"क्या अब सस्ता होगा पेट्रोल-डीजल? कच्चे तेल की कीमतों में बड़ी गिरावट, लेकिन आगे क्या होगा?",https://www.livehindustan.com/business/crude-oil-prices-fell-below-95-dollar-on-possibility-of-resumption-of-us-iran-talks-check-details-201776235269484.html,2026-04-15T07:23:44+00:00
Live Hindustan,Live Hindustan • National,https://www.livehindustan.com/national/news,29,CBSE 10th result 2026 live,https://www.livehindustan.com/career/cbse-10th-result-2026-live-updates-cbse-class-10-result-date-kab-aayega-aaega-digilocker-live-blog-201776130677957.html,2026-04-15T07:23:44+00:00
Live Hindustan,Live Hindustan • National,https://www.livehindustan.com/national/news,30,Aaj ka Rashifal,https://www.livehindustan.com/astrology/aaj-ka-rashifal-14-april-2026-horoscope-today-lucky-zodiacs-for-12-zodiacs-201776124070304.html,2026-04-15T07:23:44+00:00
Live Hindustan,Live Hindustan • National,https://www.livehindustan.com/national/news,31,Up Board Result 2026,https://www.livehindustan.com/career/results/up-board-result,2026-04-15T07:23:44+00:00
Live Hindustan,Live Hindustan • National,https://www.livehindustan.com/national/news,32,Independence day quiz,https://www.livehindustan.com/quiz,2026-04-15T07:23:44+00:00
Live Hindustan,Live Hindustan • National,https://www.livehindustan.com/national/news,33,Aaj Ka Rahifal,https://www.livehindustan.com/astrology/rashifal/news,2026-04-15T07:23:44+00:00
Live Hindustan,Live Hindustan • National,https://www.livehindustan.com/national/news,34,Aaj Ka Panchang,https://www.livehindustan.com/astrology/shubh-panchang,2026-04-15T07:23:44+00:00
Live Hindustan,Live Hindustan • National,https://www.livehindustan.com/national/news,35,Aaj Ka Tula Rashifal,https://www.livehindustan.com/astrology/rashifal/libra/,2026-04-15T07:23:44+00:00
Live Hindustan,Live Hindustan • National,https://www.livehindustan.com/national/news,36,Aaj Ka Kumbh Rashifal,https://www.livehindustan.com/astrology/rashifal/aquarius/,2026-04-15T07:23:44+00:00
Live Hindustan,Live Hindustan • National,https://www.livehindustan.com/national/news,37,Aaj Ka Mesh Rashifal,https://www.livehindustan.com/astrology/rashifal/aries/,2026-04-15T07:23:44+00:00
Live Hindustan,Live Hindustan • National,https://www.livehindustan.com/national/news,38,Aaj Ka Vrishabh Rashifal,https://www.livehindustan.com/astrology/rashifal/taurus/,2026-04-15T07:23:44+00:00
Live Hindustan,Live Hindustan • National,https://www.livehindustan.com/national/news,39,ग्रह गोचर 2026,https://www.livehindustan.com/astrology/hindu-calendar/2026/planet-transits,2026-04-15T07:23:44+00:00
Live Hindustan,Live Hindustan • National,https://www.livehindustan.com/national/news,40,2026 में ग्रहण,https://www.livehindustan.com/astrology/hindu-calendar/2026/eclipses,2026-04-15T07:23:44+00:00
Live Hindustan,Live Hindustan • National,https://www.livehindustan.com/national/news,41,हिन्दू कैलेंडर 2026,https://www.livehindustan.com/astrology/hindu-calendar/2026,2026-04-15T07:23:44+00:00
Live Hindustan,Live Hindustan • National,https://www.livehindustan.com/national/news,42,Long Weekends in 2026,https://www.livehindustan.com/astrology/hindu-calendar/2026/long-weekends,2026-04-15T07:23:44+00:00
Live Hindustan,Live Hindustan • National,https://www.livehindustan.com/national/news,43,Shiv Ji Ki Aarti,https://www.livehindustan.com/astrology/god-shiva/shivji-ki-aarti,2026-04-15T07:23:44+00:00
Live Hindustan,Live Hindustan • National,https://www.livehindustan.com/national/news,44,बोर्ड रिजल्ट्स 2026,https://www.livehindustan.com/career/results,2026-04-15T07:23:44+00:00
Live Hindustan,Live Hindustan • National,https://www.livehindustan.com/national/news,45,बिहार बोर्ड रिजल्ट 2026,https://www.livehindustan.com/career/results/bihar-board-result,2026-04-15T07:23:44+00:00
Live Hindustan,Live Hindustan • National,https://www.livehindustan.com/national/news,46,राजस्थान बोर्ड रिजल्ट 2026,https://www.livehindustan.com/career/results/rajasthan-board-result,2026-04-15T07:23:44+00:00
Live Hindustan,Live Hindustan • National,https://www.livehindustan.com/national/news,47,Assam Board Result,https://www.livehindustan.com/career/results/assam-board-result,2026-04-15T07:23:44+00:00
Live Hindustan,Live Hindustan • National,https://www.livehindustan.com/national/news,48,Odisha Board Result,https://www.livehindustan.com/career/results/orissa-board-result,2026-04-15T07:23:44+00:00
Live Hindustan,Live Hindustan • National,https://www.livehindustan.com/national/news,49,Telangana Board Result,https://www.livehindustan.com/career/results/telangana-board-result,2026-04-15T07:23:44+00:00
Live Hindustan,Live Hindustan • National,https://www.livehindustan.com/national/news,50,Tamilnadu Board Result,https://www.livehindustan.com/career/results/tamil-nadu-board-result,2026-04-15T07:23:44+00:00
Live Hindustan,Live Hindustan • National,https://www.livehindustan.com/national/news,51,Himachal Board Result,https://www.livehindustan.com/career/results/himachal-board-result,2026-04-15T07:23:44+00:00
Live Hindustan,Live Hindustan • National,https://www.livehindustan.com/national/news,52,CBSE Board Result,https://www.livehindustan.com/career/results/cbse-board-result,2026-04-15T07:23:44+00:00
Live Hindustan,Live Hindustan • National,https://www.livehindustan.com/national/news,53,Jharkhand Board Result,https://www.livehindustan.com/career/results/jharkhand-board-result,2026-04-15T07:23:44+00:00
Live Hindustan,Live Hindustan • National,https://www.livehindustan.com/national/news,54,Maharashtra Board Result,https://www.livehindustan.com/career/results/maharashtra-board-result,2026-04-15T07:23:44+00:00
Live Hindustan,Live Hindustan • National,https://www.livehindustan.com/national/news,55,Haryana Board Result,https://www.livehindustan.com/career/results/hbse-haryana-board-result,2026-04-15T07:23:44+00:00
Live Hindustan,Live Hindustan • National,https://www.livehindustan.com/national/news,56,Chhattisgarh Board Result,https://www.livehindustan.com/career/results/chhattisgarh-board-result,2026-04-15T07:23:44+00:00
Live Hindustan,Live Hindustan • National,https://www.livehindustan.com/national/news,57,West Bengal Board Result,https://www.livehindustan.com/career/results/west-bengal-board-result,2026-04-15T07:23:44+00:00
Live Hindustan,Live Hindustan • National,https://www.livehindustan.com/national/news,58,Andhra Pradesh Board Result,https://www.livehindustan.com/career/results/andhra-board-result,2026-04-15T07:23:44+00:00
Live Hindustan,Live Hindustan • National,https://www.livehindustan.com/national/news,59,Gujarat Board Result,https://www.livehindustan.com/career/results/gujarat-board-result,2026-04-15T07:23:44+00:00
Live Hindustan,Live Hindustan • National,https://www.livehindustan.com/national/news,60,Punjab Board Result,https://www.livehindustan.com/career/results/punjab-board-result,2026-04-15T07:23:44+00:00
Live Hindustan,Live Hindustan • National,https://www.livehindustan.com/national/news,61,Uttarakhand Board Result,https://www.livehindustan.com/career/results/uttrakhand-board-result,2026-04-15T07:23:44+00:00
Live Hindustan,Live Hindustan • National,https://www.livehindustan.com/national/news,62,CISCE Board Result,https://www.livehindustan.com/career/results/cisce-board-result,2026-04-15T07:23:44+00:00
Live Hindustan,Live Hindustan • National,https://www.livehindustan.com/national/news,63,Bihar Board 10th Result 2026,https://www.livehindustan.com/career/results/bihar-board-10th-result,2026-04-15T07:23:44+00:00
Live Hindustan,Live Hindustan • National,https://www.livehindustan.com/national/news,64,Bihar Board 12th Result 2026,https://www.livehindustan.com/career/results/bihar-12th-science-result,2026-04-15T07:23:44+00:00
Live Hindustan,Live Hindustan • National,https://www.livehindustan.com/national/news,65,CBSE 10th Result 2026,https://www.livehindustan.com/career/results/cbse-board-10th-result,2026-04-15T07:23:44+00:00
Live Hindustan,Live Hindustan • National,https://www.livehindustan.com/national/news,66,CBSE 12th Result 2026,https://www.livehindustan.com/career/results/cbse-board-12th-result,2026-04-15T07:23:44+00:00
Live Hindustan,Live Hindustan • National,https://www.livehindustan.com/national/news,67,Chhattisgarh Board 10th Result,https://www.livehindustan.com/career/results/chhattisgarh-board-10th-result,2026-04-15T07:23:44+00:00
Live Hindustan,Live Hindustan • National,https://www.livehindustan.com/national/news,68,Chhattisgarh Board 12th Result,https://www.livehindustan.com/career/results/chhattisgarh-board-12th-result,2026-04-15T07:23:44+00:00
Live Hindustan,Live Hindustan • National,https://www.livehindustan.com/national/news,69,Gujarat Board 12th Result,https://www.livehindustan.com/career/results/gujarat-board-gseb-hsc-12th-general-stream-result,2026-04-15T07:23:44+00:00
Live Hindustan,Live Hindustan • National,https://www.livehindustan.com/national/news,70,Gujarat Board 10th Result,https://www.livehindustan.com/career/results/gujarat-board-gseb-ssc-10th-result,2026-04-15T07:23:44+00:00
Live Hindustan,Live Hindustan • National,https://www.livehindustan.com/national/news,71,Haryana Board 10th Result,https://www.livehindustan.com/career/results/hbse-haryana-10th-board-result,2026-04-15T07:23:44+00:00
Live Hindustan,Live Hindustan • National,https://www.livehindustan.com/national/news,72,Haryana Board 12th Result,https://www.livehindustan.com/career/results/hbse-haryana-12th-board-result,2026-04-15T07:23:44+00:00
Live Hindustan,Live Hindustan • National,https://www.livehindustan.com/national/news,73,Himachal Pradesh 10th Result 2026,https://www.livehindustan.com/career/results/himachal-board-10th-result,2026-04-15T07:23:44+00:00
Live Hindustan,Live Hindustan • National,https://www.livehindustan.com/national/news,74,Himachal Pradesh 12th Result 2026,https://www.livehindustan.com/career/results/himachal-board-12th-result,2026-04-15T07:23:44+00:00
Live Hindustan,Live Hindustan • National,https://www.livehindustan.com/national/news,75,Jharkhand Board 10th Result 2026,https://www.livehindustan.com/career/results/jharkhand-jac-board-10th-result,2026-04-15T07:23:44+00:00
Live Hindustan,Live Hindustan • National,https://www.livehindustan.com/national/news,76,Jharkhand Board 12th Result 2026,https://www.livehindustan.com/career/results/jharkhand-jac-intermediate-science-result,2026-04-15T07:23:44+00:00
Live Hindustan,Live Hindustan • National,https://www.livehindustan.com/national/news,77,Jharkhand Board Inter Commerce Result 2026,https://www.livehindustan.com/career/results/jharkhand-jac-intermediate-commerce-result,2026-04-15T07:23:44+00:00
Live Hindustan,Live Hindustan • National,https://www.livehindustan.com/national/news,78,Jharkhand Board Inter Arts Result 2026,https://www.livehindustan.com/career/results/jharkhand-jac-intermediate-arts-result,2026-04-15T07:23:44+00:00
Live Hindustan,Live Hindustan • National,https://www.livehindustan.com/national/news,79,MPBSE 10th Result,https://www.livehindustan.com/career/results/madhya-pradesh-board-10th-result,2026-04-15T07:23:44+00:00
Live Hindustan,Live Hindustan • National,https://www.livehindustan.com/national/news,80,MPBSE 12th Result 2026,https://www.livehindustan.com/career/results/madhya-pradesh-board-12th-result,2026-04-15T07:23:44+00:00
Live Hindustan,Live Hindustan • National,https://www.livehindustan.com/national/news,81,Maharashtra SSC Result 2026,https://www.livehindustan.com/career/results/maharashtra-board-10th-ssc-result-online,2026-04-15T07:23:44+00:00
Live Hindustan,Live Hindustan • National,https://www.livehindustan.com/national/news,82,Maharashtra HSC Result 2026,https://www.livehindustan.com/career/results/maharashtra-board-12th-hsc-result-online,2026-04-15T07:23:44+00:00
Live Hindustan,Live Hindustan • National,https://www.livehindustan.com/national/news,83,Punjab Board 10th Result,https://www.livehindustan.com/career/results/punjab-board-10th-result,2026-04-15T07:23:44+00:00
Live Hindustan,Live Hindustan • National,https://www.livehindustan.com/national/news,84,Punjab Board 12th Result,https://www.livehindustan.com/career/results/punjab-board-12th-result,2026-04-15T07:23:44+00:00
Live Hindustan,Live Hindustan • National,https://www.livehindustan.com/national/news,85,Rajasthan Board 10th Result,https://www.livehindustan.com/career/results/rajasthan-board-10th-result,2026-04-15T07:23:44+00:00
Live Hindustan,Live Hindustan • National,https://www.livehindustan.com/national/news,86,Rajasthan Board 12th Arts Result,https://www.livehindustan.com/career/results/rajasthan-board-12th-arts-result,2026-04-15T07:23:44+00:00
Live Hindustan,Live Hindustan • National,https://www.livehindustan.com/national/news,87,Rajasthan Board 12th Commerce Result,https://www.livehindustan.com/career/results/rajasthan-board-12th-commerce-result,2026-04-15T07:23:44+00:00
Live Hindustan,Live Hindustan • National,https://www.livehindustan.com/national/news,88,Rajasthan Board 12th Science Result,https://www.livehindustan.com/career/results/rajasthan-board-12th-science-result,2026-04-15T07:23:44+00:00
Live Hindustan,Live Hindustan • National,https://www.livehindustan.com/national/news,89,Rajasthan Board 5th Result,https://www.livehindustan.com/career/results/rajasthan-board-5th-result,2026-04-15T07:23:44+00:00
Live Hindustan,Live Hindustan • National,https://www.livehindustan.com/national/news,90,Rajasthan Board 8th Result,https://www.livehindustan.com/career/results/rajasthan-board-8th-result,2026-04-15T07:23:44+00:00
Live Hindustan,Live Hindustan • National,https://www.livehindustan.com/national/news,91,UP Board 10th Result 2026,https://www.livehindustan.com/career/results/up-board-10th-result,2026-04-15T07:23:44+00:00
Live Hindustan,Live Hindustan • National,https://www.livehindustan.com/national/news,92,UP Board 12th Result 2026,https://www.livehindustan.com/career/results/up-board-12th-result,2026-04-15T07:23:44+00:00
Live Hindustan,Live Hindustan • National,https://www.livehindustan.com/national/news,93,Uttarakhand 10th Result 2026,https://www.livehindustan.com/career/results/uttarakhand-board-10th-result,2026-04-15T07:23:44+00:00
Live Hindustan,Live Hindustan • National,https://www.livehindustan.com/national/news,94,Uttarakhand 12th Result 2026,https://www.livehindustan.com/career/results/uttarakhand-board-12th-result,2026-04-15T07:23:44+00:00
Live Hindustan,Live Hindustan • National,https://www.livehindustan.com/national/news,95,T20 वर्ल्ड कप 2026,https://www.livehindustan.com/cricket/icc-t20-world-cup,2026-04-15T07:23:44+00:00
Live Hindustan,Live Hindustan • National,https://www.livehindustan.com/national/news,96,T20 वर्ल्ड कप 2026 शेड्यूल,https://www.livehindustan.com/cricket/icc-t20-world-cup/schedule,2026-04-15T07:23:44+00:00
Live Hindustan,Live Hindustan • National,https://www.livehindustan.com/national/news,97,T20 वर्ल्ड कप 2026 प्वाइंट टेबल,https://www.livehindustan.com/cricket/icc-t20-world-cup/point-table,2026-04-15T07:23:44+00:00
Live Hindustan,Live Hindustan • National,https://www.livehindustan.com/national/news,98,T20 वर्ल्ड कप 2026 टॉप गेंदबाज़,https://www.livehindustan.com/cricket/icc-t20-world-cup/most-wickets,2026-04-15T07:23:44+00:00
Live Hindustan,Live Hindustan • National,https://www.livehindustan.com/national/news,99,T20 वर्ल्ड कप 2026 टॉप बल्लेबाज़,https://www.livehindustan.com/cricket/icc-t20-world-cup/most-runs,2026-04-15T07:23:44+00:00
Live Hindustan,Live Hindustan • National,https://www.livehindustan.com/national/news,100,लाइव क्रिकेट स्कोर,https://www.livehindustan.com/cricket/live-score,2026-04-15T07:23:44+00:00
Live Hindustan,Live Hindustan • National,https://www.livehindustan.com/national/news,101,हमारे बारे में,https://www.livehindustan.com/about-us,2026-04-15T07:23:44+00:00
Live Hindustan,Live Hindustan • National,https://www.livehindustan.com/national/news,102,Code Of Ethics,https://www.livehindustan.com/dnpa-code-of-ethics-for-digital-news-websites/,2026-04-15T07:23:44+00:00
